,總計,新北市,臺北市,桃園市,臺中市,臺南市,高雄市,宜蘭縣,新竹縣,苗栗縣,彰化縣,南投縣,雲林縣,嘉義縣,屏東縣,臺東縣,花蓮縣,澎湖縣,基隆市,新竹市,嘉義市,金門縣,連江縣
2008-01,844.0134371606872,674.6347592140663,563.1844678210998,749.5953888526079,1119.7083621629806,875.7733190686007,1213.2586935138575,845.0661389167078,646.6272647062378,485.5434784549007,841.5055492954102,901.4124627300616,638.2896594317981,488.06685608740935,745.514264285369,1005.9543938803729,990.4970547278756,421.97288553714986,704.7378887590463,1093.596330321147,1581.623873733694,415.12520908880015,100.46212577858148
2008-02,677.2985121806217,507.4980870214596,339.7991460170903,600.4360899230421,916.0933579974835,744.7429594256764,1042.0406641725665,757.7336598752887,432.78714924111273,355.2562754503632,711.322504494265,725.396953332796,511.4229274620327,397.63308452517344,678.3627046759777,925.0891897332231,912.1588147181051,552.0436439210254,553.7268895930107,812.5873531404626,1068.4816217501875,292.45823330855563,301.38637733574444
2008-03,786.8121921075077,596.0626748864445,503.1150191613103,759.7883314244124,950.1960904467185,848.8442515123379,1205.0832602979842,829.2521968670765,615.3908033263281,399.89859714143915,816.433365569643,885.0221255531388,561.0867713109578,468.7976974401465,716.9354330425074,818.6532939008187,871.6540437168028,584.6496973896474,605.2601207955579,1076.3429313488,1565.3458756062057,376.56547987804134,0.0
2008-04,774.0842627986268,578.2396923060755,549.6080146987837,677.694479261828,947.3568170648244,855.6015985480959,1145.778120374314,885.0478967097042,610.4724132737587,410.7729675667952,822.1249036096611,800.8702665191215,595.4587996267356,534.712673781619,789.4908741161869,793.3921158266717,915.7242095316975,519.3962019152734,626.074461806892,917.4586395683956,1301.711970631038,362.4589213222501,0.0
2008-05,838.6828364253528,656.8868760460766,533.3556356835068,762.9558442520563,1003.0792467035535,883.8312320521877,1270.1348736445386,902.5466568890779,635.5545664695846,525.1303448534546,837.6076706587556,857.5991352698435,696.1023780511339,522.3367197254001,788.9324053985517,888.8278207401746,919.1712868398016,1059.9407298449025,616.0164271047229,1169.6634106887327,1640.6321366584452,276.8482630780712,301.2653143201446
2008-06,794.6765153845772,587.503211063218,575.2433948713231,748.362571386131,930.1560964793229,829.2773371648227,1092.0554681758554,1164.651840670423,602.7570628709659,473.3402280249567,894.1335244473927,897.2111374309729,583.2576109602792,438.76817201168836,727.3457181326723,954.1697648530278,1042.2870756402622,788.3199066974796,613.6969980202495,1036.3647208525529,1614.3818780155523,420.54671072394115,0.0
2008-07,802.7102677655894,576.1794114686442,601.0577856194262,776.6924503235107,934.2034225086858,822.1803860561625,1179.7665695937576,1233.9360608597217,669.9665016749162,523.2946488210689,814.3291458989881,767.9092778085484,582.0737826795807,488.15851308374107,649.7359319762576,1045.3771101130556,946.2616822429906,862.3570373723982,657.7375370298525,1092.6383491227853,1368.7779915099263,228.01185661654407,0.0
2008-08,814.4727420267892,602.9017330412936,603.5533872482306,795.3320011137724,960.8840744540032,769.7526214857668,1190.2029633993614,1214.0447635647822,721.1418412089613,539.3781791164199,843.3373303612105,807.6300378271371,703.7996903281363,466.51140583941077,669.1544618384482,805.1391125386423,1090.6337078914514,645.8070974200007,639.8824055466755,1103.4735860659803,1412.0274086560564,251.5060421332503,0.0
2008-09,792.5160132002552,507.6111583398813,606.9541234945765,702.2410761345086,1066.3488109809873,840.2463583092513,1177.5600002602343,1051.8462612829487,682.2098812715435,416.10189317432173,836.6179604656107,748.0162533782894,629.5438292279529,477.5340288561784,680.8635562982703,762.5793276376843,1003.3845946823541,526.9723823453497,637.3895812504659,1097.5180731249288,1244.3802183686576,585.9912220906732,101.7087062652563
2008-10,880.9425442199398,625.5940921748715,547.5609704946237,866.3227643320641,1163.466910069999,899.887634208761,1302.325178021781,1095.4209236242164,822.6894974622121,558.7619406355604,871.5453397845973,827.0148148426604,719.3042767540462,712.7193981804693,821.0579337122773,1012.656045987512,912.8358767905627,461.84911496820763,763.543252025832,1041.7981287226962,1645.4689404055662,334.38824864154776,0.0
2008-11,866.8266596814476,567.9788414171738,619.7263669733518,794.7801091327646,1205.7684695739845,926.8523432386228,1231.422551324023,960.8648217194492,769.9577219597115,501.43023606478977,918.5436133038017,982.9736927671555,734.5651567578614,515.8472654626585,764.6987064505781,995.4536640020685,989.1457351137957,761.9579098743305,629.7633888981711,1106.9299249116063,1499.6497168544574,356.68426309031247,101.96798205363515
2008-12,961.6256539308386,622.3703808040733,751.4517200848061,821.4690869286858,1271.306580002378,957.2852181387663,1445.9811906882278,1128.2224854741355,836.5241131552856,542.4725685540786,1035.8471668437508,1039.9565211667823,768.3017491301331,648.7696157133458,883.7775954468501,1065.3485673865316,1060.2372939932577,814.5067947014189,735.2582015995722,1226.0373830392407,1782.368431625352,342.91119782428757,0.0
2009-01,885.3963067280097,614.5302791682315,583.1226235560183,695.7990875033668,1069.9101945796804,973.5534005248862,1363.6038710897928,1060.7076156203839,686.9781894352285,486.9643392268505,977.0451504520072,1015.4002369267221,819.4003039933674,677.8413304640479,919.9278523414084,1237.7999077041184,1109.796664167916,727.6929991652933,740.2324021312525,931.1927396527982,1709.1956919503457,306.45560519088644,0.0
2009-02,768.6531805351868,577.0224754941211,515.5951307363774,679.9791010920953,950.7933050748069,790.6146935820879,1156.4041067328858,920.2547195610558,636.6912682057009,488.8073813482521,779.908223690474,746.6153125722873,622.0203497413087,570.8012371615313,788.0300830766865,819.6933484041865,1046.1139941921626,501.5955005816373,529.8531072283796,932.4158427046456,1435.0083617535583,315.58646484717434,0.0
2009-03,836.7828853071854,570.0103283478026,617.9578002381752,772.5818493684385,1068.4968099205819,814.4409017984948,1266.764137831447,898.226978052019,685.4634208190694,529.7479327344981,896.4333832705881,778.7370915862537,702.3617605499437,614.9197411133149,875.4992551469514,901.2777444769786,1093.1299857570732,776.8188735062199,578.7572923418835,942.7500313022472,1506.9252886145043,324.5849948993786,0.0
2009-04,842.8255467340152,551.8360511215509,601.494915362982,773.3440179371011,1024.3043995243759,829.9889139101338,1345.3623993234914,896.0748450311239,787.8348793108227,590.3903711076151,907.4748958613507,778.9070466629289,630.7306932089946,620.7755312195318,855.5307346021443,913.9782628377301,1070.2368595438738,816.8981211343214,674.0468797032136,983.4216205611144,1524.368007235278,377.33260153677276,0.0
2009-05,921.7783944839505,615.1960440321305,704.4712530648702,886.8816315772601,1057.9969504122423,904.6011376093126,1391.0219858752766,1080.6423963353639,859.9302171570904,610.0269160998946,988.387024010108,924.2457326576864,670.7807888382077,600.8100892266899,970.1330338788115,1052.04156426508,1202.2332215158694,1163.0857722889527,730.6537550200286,1166.5322867218727,1780.4500744286506,510.58615290353333,0.0
2009-06,876.0543483137471,464.73664577040296,666.1519881369146,900.338478463558,1046.2769313621795,772.8103129614914,1315.2420738789024,1113.853608430615,821.2482183256802,590.458827537858,964.8176868000594,882.7288178021371,762.0338420473954,653.8215688065017,954.6188036123772,1128.9648426559113,1255.4890980718856,895.8118162848049,794.9514153479649,1322.019458167877,1685.0797494994,346.48098266477405,0.0
2009-07,922.2526259803457,551.2330075418225,754.4110871281715,927.5749857511072,1049.0135318563243,804.1952630924536,1350.8272869278483,1428.6705342664134,989.4959680995961,638.3805818179225,986.2571844720134,828.3491190318858,807.6215131563481,542.3250955916457,923.0723926602719,960.0606172802301,1249.461059930136,1134.978351338854,794.9902748762491,1423.4388031374351,1805.732379517523,364.5160221360639,0.0
2009-08,839.7407084486372,510.64844576239557,636.5294409219916,829.2909207362317,954.573188696424,817.9175701285619,1167.6783174452514,1296.474153985574,930.814689161027,663.1311555773431,941.4824804213572,824.9504182197269,670.947821010489,558.8785900187206,802.1744820139564,1037.4962331568297,1208.2076005642211,860.5129496704865,789.9666515706698,1250.7175747804527,1434.03964955428,525.9639933816197,0.0
2009-09,893.1649534027355,550.6596524656711,581.1555334747121,908.42958783556,1135.991784677679,824.8359931537545,1320.1060274488145,1127.4861611914928,1027.7411507163729,702.1958770052237,952.3235856774803,836.5441682132057,740.3747818662149,568.3635333570912,932.5662796271095,839.6667169031368,1211.5878254492118,869.6107706008696,700.171953994584,1490.5674646447644,1387.4892287020405,489.71596474045054,0.0
2009-10,944.7984113290262,514.9522369514827,598.1168520956711,938.342824791696,1242.1260792157361,952.0492526813387,1436.014833163024,997.0846112995696,1112.9584083320738,746.461434310503,1047.2792462638274,936.3772187147327,794.0998656670785,820.4404796927276,1049.2026173413024,934.1771062034526,1249.5966677422193,668.400330022663,723.2165377230776,1271.9329238131672,1299.9295262925352,453.5539189218375,0.0
2009-11,931.4495939074499,465.6476339441104,730.0952229762194,923.1639281156278,1250.531494867278,862.8661448228565,1367.4078272185634,1098.5939297809962,1035.1763917044727,756.8351114506481,1083.5334161857947,968.1836761218404,879.9394557380768,779.9699337116888,847.3078718073032,933.8072656229829,1243.587750660656,635.80079631444,707.8579959639225,1406.4971407713833,912.6419158179096,934.4087984791691,0.0
2009-12,989.6291364811036,573.876906372357,671.5429917911443,981.4117977624619,1272.8771690604724,964.0579159925904,1571.6988819825565,1015.976171134579,1105.9305279888508,756.5723888461648,1111.6469976007018,977.7251970521303,801.0570078653006,690.1386850119404,818.0005438230762,1169.9075686998112,1363.7803404464987,748.3629560336763,749.3800232282055,1593.830708938815,996.8560693198374,479.7287933221752,0.0
2010-01,1037.64342896028,517.5345130505899,803.4837582319674,962.1027475230273,1787.9941163842313,1041.9977346947917,1336.7068580929047,1225.4371303120317,1067.8912863200387,742.0641841030988,1100.1980204054732,864.6103131622322,787.3383811547999,713.8827370008526,1180.951992374813,1310.0192852019363,1038.044020104039,798.8629171983773,592.575798173836,1415.1138037919225,1161.5250312296826,605.0634255082001,0.0
2010-02,848.9766340097834,438.0805727897043,546.2439871895613,686.9005392244939,1412.0866120235155,903.9686624197027,1146.839065423596,941.7602473257257,824.8502759925568,612.1584636246188,887.7171192246,738.6401107960166,664.2541325602153,633.6418152468464,1125.6065863288109,1094.8293998188165,1178.896002017613,352.60199531246764,523.1729537623352,1128.0028527556017,1370.158317226361,296.37783940555073,0.0
2010-03,1028.0966835419322,581.1379020148947,690.2789679139294,972.2833681549965,1761.3946850445918,1048.4410705191276,1328.9834954178395,1035.1182265263121,1053.0387690191696,742.4922812852773,1033.7721782631863,909.0943383415251,834.044534098844,694.8241089337923,1174.2881941489816,855.2224437873891,1138.5176969078093,767.1653241273494,696.5512971333044,1390.3354729320577,1636.7269844401335,454.06067517766445,0.0
2010-04,988.6277975853966,544.6934348996101,779.2903119504113,860.8665384853686,1651.9177169974416,952.9955096686115,1258.5333468038737,1117.870327042063,909.8950106121875,678.6701627383362,1042.5659783341519,811.6775865616394,805.6900298285586,711.9508918603332,1338.9358923400148,830.1396613202231,1156.4256468205633,528.7439738738273,563.0063506083309,1323.4393939760523,1505.6333344296684,326.6217825120376,0.0
2010-05,1056.1592758209547,509.07127435364293,830.981318280437,945.2930483792142,1778.4086196769401,966.5061868130579,1412.5083659100214,1261.353809743633,1041.3105273954538,650.2541335675436,1061.5095566385173,965.3877325857088,879.9823448337124,789.5537098032894,1373.12360613177,1037.7821604816,1233.7591760838723,860.3978562617268,723.9687969448516,1514.3305014224063,1503.0499846403652,378.79585008102026,0.0
2010-06,1011.2634933273853,456.35590916481715,767.2306086977902,938.9964636421462,1734.1533123351028,916.9655166524246,1253.481994685785,1100.7286085227222,1135.7350500782657,785.8251431898428,1089.4427950854365,952.1411819043959,858.5291461600649,714.0470867245981,1240.231327628345,1178.0596106793478,1301.2591595985525,995.9746026476325,564.9585740238267,1591.2112823419143,1579.4372659244655,430.92122549792424,0.0
2010-07,1110.1239885474579,570.5765085500337,858.2317125829588,1023.8195047086226,1910.1842563430944,967.4374327316153,1330.27984571928,1369.7262284121596,1152.9261618324674,913.9364599956446,1124.036812778717,1070.1973709133613,885.5089797015166,764.1805082535169,1366.9908757064402,1054.3554820003371,1469.1205002664437,1244.348583516529,837.8033470632788,1572.0152267813353,1521.0769958179544,545.0219580961964,0.0
2010-08,1097.471507909693,597.7984984904754,890.1055498599208,1069.286468434334,1872.350402946749,947.6887546804139,1336.5223299486308,1404.3267154165555,1194.1897100327571,884.8278777867173,1005.1011750893889,953.0594534781933,884.1597558326696,665.1526176144173,1309.0902450521069,1150.817686250757,1428.3778928333718,1088.1956679448647,765.4623392529087,1603.849238171612,1184.0957247912254,396.73010868316925,0.0
2010-09,1067.4373079859276,547.4485838910364,791.5143528574819,1096.2294700442187,1884.1718225581944,891.2589379395587,1309.1568488919233,1243.8161930541658,1138.4561909169552,772.4459778398985,1013.1185471038955,1001.3294165170045,875.9786868397084,720.7830057019085,1160.6401341590326,1060.877020537713,1252.5972973371254,1098.5822071138382,758.5321882614546,1703.9845724229647,1470.4210684570846,707.6625282284501,0.0
2010-10,1095.6366620890235,485.13768253658435,830.0578132014018,1031.2075170231676,2077.097851826633,954.2010194154291,1390.1951394017726,1161.604099268298,1200.3442938755118,768.7958089034046,1097.5143403441682,975.4968106568282,977.8316374501159,743.004903096712,1201.5603135260708,1018.0564219865529,1097.0474089627594,1085.7089679560752,728.0480511713773,1782.0884436749125,1434.7412878912971,631.3261990022976,0.0
2010-11,1112.786713476055,539.2273111318486,867.4830718458733,1108.193789018489,2066.351369623464,898.1177948459886,1427.0303635141722,1187.6897155190009,1272.0933544828608,841.6622830089426,1053.9479068273338,949.2493336269679,955.7472313284468,873.8814317673377,1264.1848981959338,1109.5267608319716,1118.1227338838391,805.8100974203746,692.174781938922,1689.1403456352227,1020.4755856722292,422.763221661975,0.0
2010-12,1186.6787858781338,612.7213577782129,940.1353000566678,1224.7385193250952,2103.519118387234,872.5612313840262,1472.8772449659868,1352.918438345574,1306.0046977183904,873.4901099527959,1154.2998242159713,1128.2244140925486,985.15577862839,971.9317880599652,1495.1191115374886,1092.455553966004,1390.1801921459246,1031.800078416806,848.6621855914864,1829.8085442428444,851.7199603509674,770.305246292264,0.0
2011-01,1133.7112773837766,455.172792469687,908.1609816373815,1158.5957819123223,2066.197588731561,989.6413270801951,1437.5685296886566,1192.524241476384,1151.552940259538,916.1949035321632,1106.5290571010316,1007.2617873385292,925.9117232416393,897.1468152209155,1426.2916531579472,963.069327977164,1423.3656395990952,938.8605740461795,797.5396163469558,1636.3579484884142,1131.0223266745006,572.9896759538743,100.41168792047395
2011-02,927.7143858800575,427.1543974583159,669.7676119736772,944.3290320003197,1542.3270080441014,770.8832485575301,1234.7954094749632,1062.535309199948,940.5798879483091,805.8621120005706,949.9220390332994,880.3285545879758,830.0468592840393,783.716401616853,1297.775209742027,686.0199553652839,1134.4802219326934,712.4124971606749,539.9737056282477,1214.5349774048393,1278.3120403770286,377.67048760322143,0.0
2011-03,1085.5189688903654,531.779807758906,872.6338891728321,1119.3629317123707,1896.5340350157214,977.0771298279224,1378.3731734391602,1104.2614056291247,1247.474885080512,866.6160249071866,966.4987930252792,919.0319530094966,958.8851808273212,858.5085583148862,1247.329200814264,968.9754062744416,1114.4745710603177,743.8861854136318,632.0765805179371,1518.5335579097098,1377.759652584126,387.0205528283054,0.0
2011-04,1081.9875995675675,530.4857521372628,777.4822880410297,1110.9902186943818,1853.3913177891259,1000.43081519096,1381.9063311288467,1148.460236739417,1207.6355235420863,795.3052028295747,1046.5484204856873,908.0767429552662,846.2493419224384,870.371876085655,1357.735820448053,1048.0584825330834,1260.1760696705794,1065.4143737846,687.4900340085375,1601.7251564503656,1410.6341241211087,517.0263886213643,0.0
2011-05,1126.6248874626485,592.0103209695437,785.4027505806966,1178.9022888066145,1999.0971090154192,961.3701098769703,1415.511116721063,1260.0515772407264,1157.8931008221819,838.1392595128806,1083.7948148006208,977.4314321371071,938.8490716291547,874.8501842179246,1425.9150867565838,944.698153702825,1311.589954938151,1179.7822577306786,753.6583834027675,1388.6157491569975,1451.2668273470106,523.7817039021737,0.0
2011-06,1167.9656117516479,627.6024689112635,829.739817571059,1211.9882640050455,1987.2293120277648,966.5422750228834,1423.2842229340647,1419.4000640036224,1421.2377971590777,864.8159012005784,1104.111588877916,1201.3134360233857,1002.393441522855,979.5226077150829,1491.6663501479582,1229.1866445819892,1374.582663076162,1646.0138513618435,783.1940697278466,1262.7745096864628,1543.3913452492945,672.0767170557021,199.8001998001998
2011-07,1164.0895808613375,585.7479435459819,900.3489942248773,1288.146264873955,1988.8960516744173,937.354538091625,1312.1035602440556,1600.0592130756402,1464.2594628979925,828.9656647769815,1137.9521615339963,1190.5534165448764,891.0636250202832,889.4373752703056,1373.0535928619643,1199.8307147936946,1579.811608206721,1396.6769434501025,870.6575300075264,1319.5898015586008,1595.6234328698426,658.3672492219297,200.18016214593135
2011-08,1134.7077159693533,545.2035392433977,823.7769148455665,1269.8839382829435,1965.5964208542784,963.4060321906637,1355.2901395609842,1484.7163473365451,1201.2174920516213,987.1246164646684,1076.901010246667,1084.373001403194,913.8759395918207,771.567729179727,1440.4120339563585,1079.1209751408974,1444.2767198607326,1396.9081765691935,866.0144440712127,1409.2055334644444,1367.848212972496,623.1823847112588,0.0
2011-09,1131.2207929434444,548.5812844014173,857.1648260159941,1328.7446621376919,2023.8150737566489,969.0671422806979,1369.9188325796194,1369.3798820896434,1263.9117390883578,812.4070230449229,1080.4240664460801,905.4596927167803,880.6501970612326,877.9109801978176,1228.4317290984766,1005.9878144258654,1335.39875006677,1332.9337976213849,709.3186075287603,1335.6143109042514,1493.9762582886244,646.6530804201285,0.0
2011-10,1174.2421712340617,586.9371212932658,849.3698394634253,1416.7172637117992,2161.357837740344,1024.8828553033823,1266.9792891791892,1254.0932209294226,1343.9976484875674,1022.2199268774388,1097.421902699351,1135.373182256067,1018.096062334927,949.0450118491335,1393.390062563907,1138.0846910100063,1270.463214450035,773.1400826744461,704.3345483980331,1446.5527406922924,1494.603230699003,437.6282493897517,0.0
2011-11,1175.0784634855104,570.5751361599757,826.180281830607,1356.7415144018362,2101.1953717369506,1050.7772661247952,1548.0261224901806,1330.496682468583,1308.6955765316281,820.5285200406527,955.4418745999807,1009.6316565416673,1050.7792578976569,932.7231614484336,1352.6339945825275,1125.071137766493,1425.0258285931432,947.5646558383372,752.0754389517226,1368.6740552810788,1137.7276375766771,667.6988581381846,0.0
2011-12,1238.7560392047985,617.1403650907415,953.2367044792695,1315.2502973965693,2357.7594004490325,960.0630807262809,1702.667536502467,1219.881453663021,1251.8328339524883,797.1388409458907,1130.4343154732896,1145.7382934811508,933.3535139498512,938.7629149610924,1356.808157968096,1086.3375531122695,1410.1734364887573,1060.1397737682307,818.5783058324363,1314.1230133412055,1049.623240499989,529.4417758439783,0.0
2012-01,1204.364640184764,585.5110268265634,798.3538381105777,1163.7282198135651,2042.682114770599,1101.6906263068593,1873.20378028235,1174.2458901393845,1112.2847603470482,962.352623077963,1003.2592492519693,1272.5762684619242,1029.0272608107446,1062.072659906106,1489.443697986647,1332.6436318045924,1342.309782527997,1110.5626850937808,726.80925470451,1113.379105585452,1182.2159367127767,325.2405823719604,0.0
2012-02,1087.0274915605376,595.9796377025496,768.2893560838419,1121.0851349768636,1825.32317181773,1024.2905469647603,1635.4149135568975,1150.8483147047027,1145.897436392082,711.503228445899,976.813728840502,988.1252621117156,793.8411392041111,836.0145380880032,1110.5449660698982,1017.8384971088124,1203.1334943452725,688.818522021631,682.6280388808062,1067.55304478492,1196.837403194267,360.4150463797257,0.0
2012-03,1225.468891705195,750.6195863507111,917.7447720921268,1274.347907395732,2031.625461490356,1096.5087459752963,1842.7974479796264,1129.497548030902,1245.106788144887,779.0004250710082,1028.039824633924,1009.7681173860226,914.7705988239867,881.8490117884382,1217.9209359565953,1049.2949089440317,1280.8891926831805,810.6555021959529,744.0220990393672,1284.9104956524425,1340.877611764359,573.5346659395626,0.0
2012-04,1152.6771026806691,635.4581571713442,730.8124129033714,1193.2014780430109,1917.69382432187,1080.8928494412103,1744.3647827166608,1238.878989004949,1180.705765426701,857.083923097167,947.6939063973566,952.4649101961656,912.2435718405848,905.112485886777,1317.3106916692855,1133.6772447248857,1394.513525889188,962.9963529074295,704.6974551712125,1198.295335902352,1351.2767171707874,578.368999421631,0.0
2012-05,1165.2994668247466,635.3261200585428,810.2165450277093,1297.3933737330105,1898.6749688481098,1080.22407329126,1708.995109434071,1118.8390245817438,1098.702338254083,863.989248133801,1002.6226578880799,1033.6521865866848,926.8335154233523,937.6990509065981,1277.3688753584986,905.8927000879507,1401.4687154096098,1229.01709357941,657.8217382345016,1293.7990061917524,1405.988332505199,380.87806328149674,0.0
2012-06,1083.8824788181214,501.504258074244,732.1845420448525,1185.088087092589,1835.2061185502769,1003.3026487722184,1591.7955872169232,1332.269262302231,1107.1940703606454,796.1840038103092,817.3037740520276,1016.8489960055101,929.9228669718649,900.8588062686316,1180.6731810725435,1166.4040423602735,1398.726266293673,1565.6338258769595,652.9192362695313,1090.9848208749652,1409.7000614673395,517.8137165154835,0.0
2012-07,1209.3669466862573,582.1681908595266,764.1245763255741,1325.1374972362055,1994.8137831243537,1082.478012497991,1737.1981609188776,1762.2144580100062,1196.2916877889918,849.3821544453962,1035.9761364012172,1190.0374669860573,1037.1898619609915,996.8467474368134,1330.2213511563632,1391.9846353088358,1584.3046629778971,1602.9076949778962,822.6816777415669,1354.984712083484,1494.9114099297465,513.9359232032892,0.0
2012-08,1086.5063091045577,559.1967512653163,697.0282885442012,1210.414505212193,1762.9643792318989,1043.359265679386,1605.4295721784133,1404.4269981463308,1046.8232939272746,778.1299299327752,914.0331790966459,1006.4535955746773,950.2469798733192,926.294988463417,923.2085800261383,1292.0124527070527,1278.604681660219,1152.8612383566117,757.1265195476302,1162.2468215384179,1400.1525429349408,565.0335374744824,0.0
2012-09,1184.743845959248,570.5479777710033,770.4911637342489,1301.2682922976371,2031.9710716594532,1077.3316649322956,1765.1401919648483,1461.5035599609103,1094.9967073525581,914.7213297028666,1007.352364007431,1129.9565312640523,946.4995689418753,861.1361755819221,1403.26707570079,1120.8140463593402,1306.1721105415247,1192.6119220419148,768.1366329657754,1184.8229374168027,1382.0350189246662,442.0348034749348,0.0
2012-10,1333.7143823196361,707.9921282253539,866.1169141652277,1550.493143643348,2261.8080066660677,1152.4388946797421,1975.7821749663678,1494.2042326334204,983.0641382410038,871.6492100124268,1260.381992696248,1168.5813076962995,1126.2923888788118,1123.6270681760723,1537.7165433156474,1099.2746553177963,1249.6719238386104,1074.9198880460794,840.1601870085261,1502.0077859179107,1334.375276458966,814.1355401476179,0.0
2012-11,1249.4732358318836,623.5476483109986,816.1718843012708,1382.707918849587,2146.052314777199,1098.3367587688847,1927.717262375099,1498.207385050202,976.4337429514286,840.9324770251569,1170.2772656906404,1095.5681385720711,990.154711673699,1045.0749438599973,1348.4888889406443,967.38712712527,1157.438481249795,779.7863182945971,752.7984753180176,1465.1393413468447,1312.282745324993,551.385578599125,0.0
2012-12,1326.3096621684624,690.2232754254875,846.9167964100304,1389.0523953518957,2332.3089597983976,1121.890686075216,2080.140096355832,1487.1509719905362,1269.1009231039347,797.9062938848461,1180.1198275517206,1253.3737283639243,1066.1175739214702,1124.1786469760532,1399.0478087602992,1131.4817106589112,1282.8545004325904,940.8860516172111,821.9475915609845,1512.6884685146715,1305.2134798318707,601.1793724748256,0.0
2013-01,1344.9183788162045,602.3486522892928,847.4661807910408,1379.5397957611756,2348.670587692385,1370.9512435537395,1983.5914665261744,1611.429593173993,1416.4278946696177,939.3449044083634,1314.8945468422528,1230.6674640366277,1243.6183667239238,1072.3579125765837,1514.0936593394167,1092.470797415223,1349.2980366519498,687.3755395392562,912.4160192668313,1570.1022446821012,1172.3242988173533,421.95947430882154,0.0
2013-02,1102.1234791523298,483.4861328770063,672.2398928601323,1062.0567794542435,1832.8140298249843,1174.7403722827155,1644.7794534625648,1282.165900928698,1143.0313190581421,815.1071245678603,912.6243027388732,1159.791583721373,1042.8189041535436,1106.7217401417354,1490.259092854336,1282.9190389609241,1247.7947168729906,505.4640665595083,557.2420234784639,1294.3326552377016,1150.463688489832,262.71772731651356,0.0
2013-03,1297.1063577926348,705.0680187740845,827.1805169299391,1278.9912049070776,2254.932688493225,1311.1138145602695,1879.4963252122395,1419.5408188853442,1574.2575576736015,974.5103528436213,1092.1483844054449,981.2730767528711,1124.9259083530326,989.5951673204505,1418.8750048132067,1097.8406183321677,1352.7556797821258,828.0151870102594,820.3706801111881,1490.1031339098195,1275.6230644447724,591.9889959692514,0.0
2013-04,1173.1013328145261,655.0150237572909,804.016048966593,1198.3989233088591,1937.3154152406853,1093.7728256683356,1797.9029024472136,1315.0089848043406,1213.3314315599298,760.1611754324414,1114.0084054898211,885.5929429793656,1015.7590580067455,1077.170931799853,1028.5783669304465,1040.5873340595303,1108.41559310691,827.3051040689287,778.0881868686332,1141.9486756209199,1370.9837914335626,363.3186564130068,0.0
2013-05,1298.5785515559978,734.6091400282132,717.4580717950555,1426.148779299178,2167.080213164929,1220.28186014093,1960.1140011227385,1236.4200949884644,1278.4031547874583,898.1526753257796,1303.2567554452562,1026.8661317201452,1156.830088291076,1128.897518683254,1191.9605764882272,1188.1644632422704,1506.6679022937824,997.5715682026581,948.529646201099,1384.5418595498247,1407.9731084507873,473.4522415811583,0.0
2013-06,1330.3082866832992,837.0949384267633,764.1091695337852,1406.1907745243795,2176.404993221703,1287.1004172053933,1781.1572988587639,1443.5174726669313,1309.496697790936,979.3729533673251,1362.1291125821285,1154.7255069032922,1072.5999343191104,1178.8499998116854,1505.8251348870922,1432.9634838314691,1572.6467105971274,1289.334783834965,922.6711195962582,1397.9627678257814,1371.2213084842476,428.9268250836407,0.0
2013-07,1337.9173132838744,787.5655333558956,869.3797877401047,1462.6030408994052,2187.0975712643203,1242.9486566593366,1810.4522676706188,1436.869325565372,1516.2743622644798,987.9498447254455,1085.7955745160928,1149.400903706818,1109.6979421941844,1179.5341405416812,1478.7274988330455,1598.0823012385138,1666.1581444322799,1297.956473180597,909.9762129025048,1547.5128588719779,1308.8860457999506,452.1065606633171,0.0
2013-08,1310.0933495035404,839.2904387982576,878.0704969431588,1451.7858534966172,2116.651685459923,1162.1150493898895,1734.1572859071298,1308.1927752873664,1504.6103532333034,918.5466786307813,1272.7736675385668,1124.8051366744355,1035.4595521849042,1029.4796979438688,1314.6403879067132,1292.5463162429987,1696.9544605660105,1216.54501216545,838.3121981078095,1476.83521936035,1349.2590134925902,526.1148118290976,0.0
2013-09,1299.8473920933998,898.6731474388321,695.4844599311451,1503.9480473912702,2163.35238066995,1138.196614303249,1752.9934377885224,1426.1415674473376,1405.9621108329004,893.6360724606136,1116.71525303472,1142.892444554272,1049.9961895299573,1209.4248345295507,1403.4561572245775,1026.7168617132395,1529.7614949152644,1004.8635395313316,871.0406938491741,1372.9035155217618,1335.2710747825574,538.1588241229692,0.0
2013-10,1465.7242643094537,951.3363619227622,952.3493582730831,1609.0762677659652,2484.4274015483115,1291.7090021813524,2046.4649728163397,1378.2335059032882,1603.2359306133085,1165.8516909272323,1174.7736073186159,1267.1406854535726,1167.4640337788142,1302.5011798017931,1568.342456600987,1191.4500124479853,1311.3222799044352,1059.046857827955,975.469344676496,1706.2054458338202,1343.3270964575283,460.120133183864,0.0
2013-11,1468.5466711629747,986.884202720482,899.9589132996123,1718.3409149210738,2486.020071843869,1232.5329215331626,2000.3144379170394,1395.8134320871338,1571.6862514245176,994.0410599095459,1443.4946302925564,1234.8780582073978,1197.665681793787,1123.557314641368,1517.2887667866194,1214.0077821011673,1485.2033620692237,848.0241038380574,917.1792472198003,1558.1199775742853,1317.6640805509828,558.161233619634,0.0
2013-12,1523.4335508858167,812.1511157343153,844.2160776261895,1686.8694726037818,2649.4811895348826,1389.1189926975671,2378.882231120298,1398.1712530755406,1496.7407245431548,1087.429317094389,1509.2441202364482,1185.1777379925834,1315.3581843253387,1129.9456378996615,1615.6548388686426,1485.6263427348867,1551.3766221319747,866.5338645418327,965.5547672266173,1537.984004032832,1310.582119968103,687.5812878480363,0.0
2014-01,1545.801596106344,727.2907446501661,969.4435557671848,1261.9685377295666,3632.5481839648564,981.3690962266935,713.0031347663643,342.3222259551646,1621.8293330721328,1122.5804854851228,1627.7443584649654,1342.2637064658816,1419.3039473330798,1299.106509714934,1772.7707114798056,1468.3765095355482,1767.4036839882215,825.1727394740767,984.5277068508722,1800.2303921797245,1147.8513772371107,577.2672169947468,164.00164001640016
2014-02,1202.9105104813784,674.9511229214918,667.8250729643513,996.6457968913526,2738.135762888914,770.9595406333093,554.1941078671629,291.3985124008157,1166.9424038637085,869.7712077444994,1262.9547428350863,1130.1818547755022,903.5786806337212,1030.014314169513,1427.0076764791552,1263.6093845243445,1339.7152131106268,586.4286495243964,672.6134234421793,1247.0339239845414,1080.8936371148625,320.33117315131955,0.0
2014-03,1360.2888056995344,870.2049608256076,691.390184935723,1104.5949374950094,3185.7433339157137,844.2891182792912,619.5468101733486,299.1478684981164,1305.19086065489,844.9812884373679,1491.2221766592454,1061.3675759952741,1239.1118001352274,1047.9022059004662,1423.994304022784,1286.3024368532324,1339.7714295990577,843.1535928262509,926.7469313192389,1570.3195623607912,1213.5608975186553,498.78982141689016,81.22816992933149
2014-04,1399.0109373719688,982.3244806133142,870.2013984901895,1098.5847730164228,3224.997902397215,771.381633414107,612.41257959333,289.2677275430274,1425.4217107314162,939.9874550546411,1450.055738690222,1090.6477440251683,1213.3193617770462,1116.6511839535897,1611.1764643666759,1232.189961877733,1342.5473637524199,950.5515179119552,788.203137315674,1518.3270457826836,1258.0101304862708,544.9103744428901,162.04829039053638
2014-05,1408.7811530933816,859.2022992951205,832.4238950603572,1098.5832560988179,3173.3554981371476,840.7097966994489,652.4843889915727,293.96914007678356,1336.8056532067399,999.5373166484771,1453.6355184749268,1110.4737246025163,1224.5492428580922,1109.6442309880956,1767.9703488802659,1493.9641181832328,1528.4654207175995,1067.6578749654,882.3576596666293,1445.349048303984,1365.3993054914883,615.324826737483,0.0
2014-06,1441.0887534543808,915.1500937137959,818.2139473551346,1149.044173954654,3220.852216785393,868.1105650964104,633.4590904627435,297.2168497063703,1468.5745648130285,970.9663410104406,1679.8991905869984,1165.2164471949498,1364.3779991573376,1113.9872773923207,1691.8922033045394,1595.2648628472145,1537.6315079579174,1602.1837170662236,837.377536879391,1502.1823500549947,1303.3477206183702,701.9129143908283,402.3821020441011
2014-07,1504.2142230814313,949.7304801836297,835.2420959047905,1236.2700220388197,3409.0196957321136,1079.128919358788,608.4489649764608,335.51155759289963,1493.0036501881223,1005.8160874107118,1555.1426037154838,1229.7212373245611,1214.6510388165143,1215.032226831329,1807.8822253536368,1674.290536039437,2064.6854875684357,1462.7975013837274,931.2232741596245,1533.831441220558,1277.6107939649505,722.2186557103422,160.50076237862132
2014-08,1432.5607540478877,896.2449382616282,833.7640681452776,1154.4482032655026,3303.5104178446904,899.7889330642008,590.9197709525702,337.6322575710258,1494.4695287003533,894.4670070463535,1526.382118506977,1325.3257526511366,1258.9452302243044,1088.3831716587301,1640.3975551721946,1484.0421041406553,1884.7401965043914,1236.2773217288102,1051.5866114026237,1646.3714808519333,1269.9115860974214,327.76663015932655,160.79755587715067
2014-09,1467.7312701941198,936.5437345729032,861.0171428105068,1204.2250717669488,3317.2408923208104,1005.9547190761635,629.6047558209222,329.0722693329958,1219.896625885311,991.3250240775562,1636.837274383458,1176.51398517903,1202.7938779206665,1096.8997848023298,1604.8019252913487,1275.946845921638,1804.929676701716,1074.0821032301294,942.1917199549247,1758.5823691677358,1251.7262005863543,539.0151875455784,160.24357022674465
2014-10,1588.965951229861,987.6555671070827,884.1047966299483,1276.0430288782095,3743.439292149661,1077.4818532687875,685.9275349318254,320.1542968550436,1468.6723611890282,1024.611846699727,1745.9975946096968,1359.5031210307363,1296.2863377646702,1293.3288954400646,1717.0859473356315,1445.6845204998065,1646.6064610558076,1004.4510970181589,1020.1813834302194,1857.0209766863882,1255.6365153870868,782.2253124950618,159.84654731457803
2014-11,1565.0203856071914,954.3462740636281,875.1556891971419,1271.1223314437675,3637.2438482167313,1083.0929159820096,690.8254698965634,337.9901404142349,1329.7228440425065,1084.2698015874414,1719.5134597198944,1254.768508806688,1348.1096726869016,1314.740505233276,1725.957936107747,1290.5005807252612,1589.2816446965971,915.0301074422448,988.3752075855788,1751.6178136751305,1244.1943749123157,716.7386030685864,79.82120051085569
2014-12,1690.8943266577915,1182.8120170877514,988.4117876709413,1842.7578111943285,2618.173528908923,1591.5859817309918,2570.7162884959725,1569.3899214651126,1558.6927812808065,1050.9017301086872,1821.9491836459733,1254.0952529092094,1308.5590822223105,1307.2069788846056,1724.2253663978904,1403.3055642179354,1466.7418534337955,845.1423966666011,1015.8760792008085,2071.816809726196,1284.6874850027502,618.5260289845994,0.0
2015-01,1536.116593839032,995.8233891718636,812.8298423191463,1814.2120716895117,2481.1616524764404,1194.922534318207,2236.8499166173447,1541.3426467927209,1470.5144197788838,1068.6096788528139,1666.5221108454036,1389.1861392688288,1330.9042203001204,1209.2867115793972,1880.411494944845,1355.823350489256,1413.395750810227,736.7169926230072,932.9483580913163,1839.1751241732388,1111.0085817108056,553.878318394221,79.75753708725475
2015-02,1244.6720130153574,697.9348538684721,619.5674635403401,1366.9150411962248,1914.8302593851467,985.2174932607834,1930.18452420142,1334.8164627363738,1026.0642628508972,943.5559537498854,1347.7370797325905,1228.3529558338007,1110.4153265714435,1057.5849265512995,1749.247032421898,1646.6451278939007,1387.0958056864924,677.4668630338733,825.8346829116572,1586.6187443045937,1059.5293031841256,459.22616499451266,0.0
2015-03,1420.9387261966642,818.5293252125945,748.3486439922572,1648.0632362249703,2107.505530184036,1531.4788664404018,2249.979849852616,1404.9785108100443,1254.48128592695,956.6084523946098,1363.8177598518398,1071.9325189244814,1118.840159395627,1188.924272022815,1749.8660997731085,1322.4262948385165,1478.201041350571,854.1470311027333,793.6316423080739,1745.8423515918382,1214.6182443782373,473.14697030808844,0.0
2015-04,1392.3529404490894,844.9166786047929,791.95875458111,1577.5322448457093,1774.1781730987805,1405.6215313636599,2198.3407906829793,1324.537993728629,1103.775320401447,925.4696670251979,1510.3210440132982,1141.552511415525,1357.271003199688,1289.7374025760305,1944.196933067796,1435.8625687178776,1511.9907176394909,1060.466212368178,922.2891000978591,1664.5128179046096,1221.3616521960525,440.41630931132795,160.1922306768122
2015-05,1395.6019524614558,882.0134314155131,816.7274654359828,1556.0726455396186,1868.2507654918438,1331.9259086376271,2209.2325696804332,1407.5286415711948,1154.605800501938,1152.3608374057742,1325.3137247907339,1252.0998554518108,1245.8992117373673,1099.4799498146783,1765.6567331205704,1370.1942451841703,1374.5518419596237,1708.5960054203736,933.4989310364252,1680.1789725717138,1291.7131068283645,555.3884247795802,80.1538954793203
2015-06,1525.0050273720053,1021.9230610188671,854.3881627328597,1683.0602455034104,2011.3490755994876,1565.2050307206625,2328.673706787197,1472.7926111631134,1389.1645167692002,1209.1128929616902,1509.3765948898372,1180.7991116637147,1390.5154310170424,1483.9213099919286,2003.5996071001596,1577.1386582672087,1898.1782302120184,1474.158010083241,1003.2538688312629,1265.9982442360115,1269.8600200815072,569.9717324829971,1200.384122919334
2015-07,1398.5341561662945,881.7290462021482,868.5217818456754,1602.2565591779676,1920.4312300892434,1252.9992143557001,2136.2168481461167,1448.8358037002045,911.7527148734295,1093.224836370069,1438.4023957856518,1334.481274214378,1247.71845767739,1203.025407436117,1649.0381993593528,1681.425849120054,1977.4742506967814,1473.810389380705,928.5599270033814,1388.0997584105912,1215.2239114696454,536.5588183441795,239.88485526947068
2015-08,1349.4990816749523,862.7181470568883,789.170449342253,1572.8792050748766,2023.8869078742318,1289.0706437236847,2015.8764670900969,1466.0485410417236,286.9344845268265,1030.3529224314204,1200.593855473955,1214.1816415735793,1211.39308778248,1096.15864544739,1639.4298295562387,1645.983486345513,1611.0042127007355,1356.4786600349933,882.9749546435357,1720.1927539477845,1222.9545991960274,564.4589203578975,0.0
2015-09,1402.2051794156212,926.279961376016,830.7053588458269,1568.3790363818143,2100.7444442375227,1058.3346639880276,2087.570692653004,1420.5878309522302,1561.2138252513387,1149.5902038618437,1351.3985539026387,1225.2643630389693,1237.7986885330158,1361.7070313250235,1513.487847582871,1664.3488403391505,1469.7644160397078,1193.691049274001,990.574774973088,1652.2517699400944,1205.2959075397544,727.7965202228877,239.1390992427262
2015-10,1544.3862494803345,995.4846669913561,981.3015960679827,1818.9326166195858,2358.578343551164,1182.3835983396766,2263.296054457322,1362.213422168277,1530.2784441429885,1240.4639335111333,1433.621092470501,1392.3998501699316,1242.6316939640951,1302.7838839100427,2033.0199490082496,1450.3295795391273,1602.1056245351033,958.1634548636572,829.8532314592258,1937.3542659849027,1209.3374162339678,801.3971527720025,0.0
2015-11,1545.150734380941,937.5657297306828,988.2311328695441,1858.7281029891371,2472.9234571484517,1304.2394411766265,2299.432214077175,1443.0108935315563,1309.2606647498649,1161.1189996295054,1387.4490182323837,1367.3691190376232,1414.7040624870497,1426.596605776755,1470.8870114023448,1679.8041725617013,1517.9214114259728,938.2605041195501,932.2293445379958,1696.7360883778188,1201.8564058946436,716.8080161772251,159.41335883947073
2015-12,1670.9465498874215,1109.3918266155313,987.1303344782074,1782.2374607033973,2750.6472164681745,1396.4162009736199,2427.2036814328458,1600.0279404606247,1671.4571933540205,1244.8750868929903,1721.3933744585252,1460.2838132249897,1562.2476355460649,1467.7621340453486,1698.6566466924933,1447.5032816068185,1699.0766542650138,918.8301532686894,894.9086951263756,1843.0631709901857,1246.4585043977422,722.8970097666397,0.0
2016-01,1514.6364063978704,989.3610324205224,971.9132235651803,1605.1889570587057,2415.0508063764332,1219.8032404338255,2137.6679769779635,1451.8477764896722,1587.0587432927875,1157.0767131212856,1562.0940126192997,1469.0805676778707,1261.3767025725222,1187.7216149933972,1776.6023609547037,1813.3222944151473,1494.6737181515466,752.2837184309511,766.089904010279,1814.5894836709974,1072.9891628094556,616.5645325012218,239.36806829968882
2016-02,1299.2332829792483,769.199780444449,720.6747497605762,1378.3969669582616,1907.8739289136802,1116.9729502671241,1962.1575671549506,1388.661448269086,1221.3971088075075,1108.1827933310128,1234.8657199879926,1455.0144911578377,1205.0037710034876,1084.6843722605938,1885.9887102455,1656.777028426332,1509.9411996949977,742.6516572858037,631.8665067730713,1674.0390394193594,1039.5971838385183,428.70036101083036,79.85307035055499
2016-03,1413.0426964712192,905.6132406901398,890.3695514319679,1559.0027679867105,2100.9175279822207,1262.4943174494222,2100.2505183137528,1413.1142241850023,1504.0971458974232,1116.4980363501893,1281.668341162734,1216.1858993281458,1175.9027309302523,1031.8086351775385,1758.8358578641516,1319.9744114175535,1471.506152885871,879.490286518391,779.8172538600954,1788.2952965762315,1180.3273835952996,684.2208153506067,79.80845969672785
2016-04,1364.0771485098091,880.130949383027,826.6055286780339,1483.7117640723518,2005.5833462409128,1099.057314353731,1981.5651448990266,1384.8388541222982,1245.401030169242,1117.1733379822924,1294.879523447095,1287.776753857423,1093.5117348284205,1262.4848945805809,1912.2190199669024,1492.2210651122323,1788.8494048229552,1172.229874278346,747.2375059469891,1615.0034278562784,1131.3932035065795,556.0314383180801,798.5944737262419
2016-05,1449.623200506447,921.9529793910025,857.2179079739394,1553.6311590041296,2122.501238004616,1115.0016523454553,2165.395149514865,1426.3527962412436,1422.2764508506095,1135.7264287812302,1467.2836862263107,1357.8468372416592,1406.8186967782274,1350.208036345514,1936.827250503873,1534.0675801888708,1641.6248464748824,1611.3910699636706,761.002264183415,1719.718131760757,1254.1852420503524,533.2331956440105,239.6548969483943
2016-06,1465.478539083242,1060.6202501180705,825.032141106394,1511.0582632997841,1999.4982192593036,1226.272788412783,2134.918498019504,1441.652395764163,1648.8439730896912,1203.9287972288266,1458.717895597698,1309.1224542102877,1435.9386319134135,1264.1614106031054,1906.785724507026,1828.4094192429934,2021.8968410125174,1817.6665461403904,750.3287730914352,1426.8055638524208,1221.0735086252193,668.2434208056463,159.54052329291642
2016-07,1424.6377273838762,921.0663734018177,874.6522951757171,1524.4804786633806,1974.4174706558463,1067.5482822973129,1917.7298225344052,1581.6631931245713,1784.6530839832428,1397.1607697215302,1499.647004972963,1520.8120465672255,1399.4726499983494,1306.9772477688584,1864.7857345680927,1964.6986558751264,2022.1958632512683,1563.1564035679046,898.0884697809363,1460.4305973987803,1188.3387320684867,636.9522210898627,319.2083632591174
2016-08,1322.031305140006,846.443052046183,935.6734681172509,1574.416251651543,1336.0472435006832,1101.5055677208486,2021.7268145691025,1813.066310169773,1436.7552787928323,1075.3551079367626,1439.0555324854754,1417.4876117900224,1302.571393693946,1131.7141116044224,1656.9177509848394,1857.006018326074,1750.510062414738,1337.8122375642051,849.4943358083369,1333.16506235587,1196.3317431627604,583.5877177231101,159.3625498007968
2016-09,1324.7720467740878,817.6283695408526,823.3456315951097,1435.389679983451,1879.4247735505114,1105.277701022382,1984.2840956372384,1577.5524339536478,1519.3896081073165,1074.4800284148207,1332.6447484400057,1223.194454324852,1291.8058698854045,1266.1389151861165,1560.2450516577305,1528.0358410300228,1446.1556111743448,1127.5272161741834,752.6497302557127,1192.0590527715372,1222.720367557153,424.04719570893997,158.90672175433022
2016-10,1432.0996995064459,883.7332473575395,947.217298843349,1742.204231748203,1809.8243782619822,1158.7805068193038,2110.9461465784857,1783.2206801151226,1582.3016360815993,1189.5278681731638,1568.9929706008,1336.8666693034845,1486.4266533262032,1158.4253164360794,1756.9042152554264,1578.4855584401487,1622.0379683747906,990.3681839366166,728.4006364770137,1347.109899424958,1271.2932350891758,668.2159376925762,79.37767899666613
2016-11,1468.7193835305147,872.0670805361113,950.4194161560913,1750.43049489656,2066.215834019902,1172.5381074884936,2239.839929177298,1429.2364075028354,1729.64196776942,1175.930244818669,1561.5713603151112,1268.375114519828,1363.6461712181474,1306.6193647193384,1633.4964836775914,1642.965122068235,1710.3314900432115,1037.7870887647423,717.6223317619107,1290.9812143921517,1237.88521764913,593.2165685387592,158.62944162436548
2016-12,1648.2711674551747,1051.4655177613233,1132.542742081475,1771.6107410361385,2446.1204832687017,1380.675735790413,2424.6493181370893,1645.7649419283207,1970.844650316632,1332.2865793139708,1799.329679772147,1627.1975580159274,1578.7057491081102,1373.9035938834122,1545.8391561536841,1788.9330712584126,1477.738727331518,755.3528369309433,870.7336737436173,1282.763635365862,1330.250413155769,814.1273295143361,0.0
2017-01,1545.956976548703,945.7374352475135,941.2433390431224,1674.8152332861391,2118.4504903385873,1377.993982211736,2377.1899146989276,1611.4608318811236,1692.2419741727729,1318.9472045298767,1665.3171096373912,1657.9576022407186,1327.537475576622,1460.1601516081178,1967.8983587679807,1853.0936242705427,1765.3638039962516,716.3393125078653,927.3096730494242,991.4266721187519,1137.546826540783,717.3335896999771,0.0
2017-02,1273.9873945116562,771.0441153305127,798.3831905262982,1530.0524118408875,1713.13722857279,1395.9579250964925,1916.8407068309625,1346.9692099457056,1450.4917075662756,1113.9507103674428,1280.3709110923498,1167.3514203436255,1103.7670734466208,1284.2008326905855,1200.2774293938598,1350.6653613256462,1221.6842913777514,706.8095777538947,744.5255866834744,616.4130241222963,1056.228412173681,436.27759086035417,0.0
2017-03,1397.7086242571886,871.0149245781971,962.0122132110156,1560.9650259457699,2145.2910734680127,1263.2741861609188,2248.512447790822,1439.1793615555387,1630.1434307407853,1158.2437009292844,1528.130431570475,1168.4236001729823,1281.8571789048701,1219.5264269626207,220.57298628251803,1542.1949062209421,1573.4498493119183,938.6218708572424,795.7566812645003,793.9368774553866,1148.4118575376567,546.763015176368,78.87679444707368
2017-04,1259.5844781141463,761.6431294991769,745.5096693384169,1499.0497839155385,1771.390723796812,940.8280134588761,2018.18525990613,1459.221646360806,1527.3575620602924,1204.1814347884606,1450.075848924501,1319.8058198474978,1279.556381985808,1358.5792919816574,678.9810964944902,1607.3082581137282,1413.6821425003707,880.205058760942,798.2025660734347,627.1036476908904,1037.2329588181472,561.1340815121088,157.6416804603137
2017-05,1416.4709525153569,903.0030123537642,886.3492186190568,1470.6099842494066,1916.1933834757688,858.2153044331935,2259.921573990927,1400.030188150932,1693.625049625035,1241.381292689324,1436.0379363084096,1296.72839199722,1385.645292125782,1271.9300808542384,2180.087731724358,1762.1065347811673,1759.8647842272496,1382.5241216621228,709.7136681712238,1344.383099053691,1286.1712498100396,634.5224480761427,315.059861373661
2017-06,1375.0999364397874,816.334934866466,790.3801148393309,1420.9158817797988,1945.5596257120724,932.9436173404533,2209.484946668908,1476.6815574505695,1555.7334691946576,1202.5366513039164,1395.1790025560115,1305.4856227683051,1352.9318336052675,1288.2930993486423,1893.1181072662823,1585.7653703375545,1809.2224889082843,1160.4742471423322,739.4938097645452,1211.0202845897668,1208.6742771126774,582.754881494213,314.56432840515885
2017-07,1479.1038583510972,971.3731074225706,859.8657031904329,1606.9994984171815,1919.6006597119986,1472.750146188212,2146.6064143321164,2002.2539033009837,1597.9784391077499,1219.4858733893075,1441.5382638458932,1540.9637883451442,1410.2538167883781,1290.9717780308586,1885.5294924933335,1954.7764735832418,1819.0362139792933,1411.7328537309393,602.3885782822782,1308.4984127345342,1201.744755348506,596.3951228132179,78.57311228097745
2017-08,1414.703723682743,968.9513943263266,905.3322617814227,1576.1680448941213,1382.2970302015535,1538.057784528761,1940.9093723852989,1858.1583877576034,1616.3568044081137,1355.5721576640233,1451.5834960488567,1500.5512635278476,1470.3479823558241,1385.23611447123,1993.677469159926,1841.9221480905408,1962.5329111005958,1382.8182415967199,712.7123681145933,1662.3194700589202,1209.9752437580494,529.3961942295814,0.0
2017-09,1333.3352011062989,858.4746453867339,852.810753168315,1524.9318554684091,1781.4141876068218,878.538010951769,1700.3832524132874,1812.4071086634372,1817.84866137761,1057.5642871169935,1479.3556618869502,1342.375446877583,1511.539774469587,1302.5715535558056,1890.327323833165,1825.0832893371442,1578.0002488385007,1011.1418198626773,710.1393917548512,1561.0159555371758,1243.790330365563,511.65102476390956,78.33307222309259
2017-10,1346.853904611592,885.4158042079455,846.7495179267158,1554.9148051543225,1695.1113391379579,916.5669610742652,1629.2187636736073,1530.357565089457,1844.238884244542,1361.2138782515885,1472.4062188701837,1554.5373557319579,1562.904745297176,1481.0559655488407,2091.015135482613,1656.9103174530921,1632.9652585123627,1048.5205279156567,669.9509509805769,1761.9985059342566,1277.082312409973,664.0300053998044,0.0
2017-11,1404.5574943756808,956.0265419659528,882.8612007285002,1621.7663658563938,1890.7358610406086,1165.6723024280864,1700.1302917050493,1729.8461969659813,1723.400553807791,1279.1668997071808,1266.1099628976765,1469.6674204445294,1578.1959916717585,1491.6327807319362,2030.5840157147452,1534.4197207082918,1788.240723311494,701.8893322436421,697.0610399397136,1781.1883816598859,1228.9391025403024,575.5710174492732,311.5022194533136
2017-12,1439.3820058667288,1077.0842671700752,967.4809382776231,1479.4217778015436,2003.8965652100592,526.8955252045828,1783.9960358844644,1675.4013845604643,2084.5067361622982,1426.4897337881248,1523.6366415118468,1456.9375173385542,1629.553878845204,1461.3190605303005,2225.464763072949,1717.2269290334336,1737.3502978097843,835.9516877576317,804.9362242837683,1963.1312169600028,1340.0247960266965,785.7059713653824,0.0
2018-01,1574.2797751693117,1020.2320519934536,891.6320407526537,1705.5874075892934,1928.4086361726145,2336.3804711037924,1875.5496462456956,2004.9872688786534,1995.1695894151003,1323.102784480655,1475.108039377818,1475.9749623516536,1565.5327667457645,1444.7755116423848,1968.7151511498237,1758.8065631735067,1623.0213728207746,1008.5970894769703,918.3527821241688,1988.049062696003,1136.0894020679796,574.2238891675207,154.9666821633349
2018-02,1281.55263359745,781.6378322744682,634.3760197659783,1273.08492370154,1535.2742152415744,2051.3511134769897,1532.2187348498,1639.4197155562958,1735.7843066274743,1117.930851092696,1163.6582731342446,1298.8336473846487,1274.905252348567,1377.0866879008342,1857.449215649854,1572.2123990594068,1344.0655855351783,624.4776004688385,867.4475490565834,1550.415669836154,1069.332075878022,486.83015440508626,0.0
2018-03,1543.1026400401493,976.8256027646121,897.3150691473604,1681.882068833323,1983.7659965532112,2445.540070905815,1754.3638449747564,1756.3170404413377,1920.8612403843892,1358.2994814918113,1234.6469581297715,1273.7376100523293,1458.428264194643,1545.0435082683357,2149.268572890495,1631.2321726372195,1673.2837432878503,874.2770401398843,1104.766934595103,1670.75500491731,1139.9629419213018,515.8309237006146,309.5256519384044
2018-04,1391.0444466043036,763.1873735390744,776.124194803813,1600.8513618606257,1652.3421905796804,2249.296995244707,1597.2944361691164,1778.251393438669,1686.3985539990963,1172.5454021540763,1217.1513658188273,1420.3437231810099,1510.8787625017599,1540.1911406635966,1978.216684127436,1589.050576429235,1530.3499116169685,912.3999961583158,935.0604555657654,1579.4111665951148,1065.9674118534092,559.0648369999275,0.0
2018-05,1558.643864024963,1004.0354550176817,891.373810271869,1494.5273324571735,1771.3083128726762,2482.313713735487,1927.6774910491677,1909.8908665115657,1985.6384188541783,1425.6253434832054,1309.9276257170995,1337.2543445752117,1666.7126416088713,1617.716349929323,2141.314699630521,1629.1684869666522,1880.0137502623804,1604.1188392711344,1094.5048309178744,1898.2570343853122,1285.8103764154134,812.418395473669,384.5266476966854
2018-06,1470.670952581615,975.292913891341,846.8770753814031,1443.199094349481,1530.6270311309788,2265.0615450489386,1903.0747689561242,1877.168282873471,1794.2767081243767,1250.2676552672742,1561.0392128047426,1514.4412793422998,1476.658772761526,1304.1061668116765,1784.431499200145,1484.2266769257385,1764.2639217153512,1413.284877851807,1022.1281300988416,1709.7063049367205,1212.1167052734513,623.9253611149402,229.9908003679853
2018-07,1470.5617260766505,942.112950267567,818.2305353314414,1615.4635229966916,1425.209069408218,2294.92156409119,1884.9787957913197,2013.4934769830058,1916.8615355790398,1299.8683792493077,1247.121651048325,1451.3351682165614,1491.520697572757,1350.424292698077,1941.8343330318337,1917.261731273681,2065.6568575852807,1441.7393143087822,976.762759975392,1857.6088696314766,1212.017563101129,492.92507538854096,76.47598654022637
2018-08,1433.2023413566396,931.7802993375539,848.398932372089,1518.230296134053,1430.3471693175695,2243.2412208708997,1764.4557899789152,1895.7429161967536,1835.839914759433,1217.327475626197,1225.5898786767696,1408.4365752119174,1466.3971247571144,1347.438489924701,1891.0124347661126,1590.0569049018402,2069.378973283709,1298.3765484342541,1087.8338070674106,1806.432431093162,1220.1972404197775,536.1308738933245,76.4876854826373
2018-09,1447.0583125734174,900.6839937054841,862.2888712668642,1444.8497071671864,1467.9002699907144,2378.9354343547575,1837.840177148174,1683.5238546769917,1859.5249399341074,1197.9966732414082,1301.7176571272562,1481.579628882371,1503.6806729043724,1537.2865809250488,1899.520102146059,1591.1225392309727,1750.6789589701746,967.5070886657982,1136.7072749265596,1858.6607741569644,1235.583310693378,634.3531040050748,76.58140603461479
2018-10,1570.8944633126405,1019.7152462082548,948.3593607788232,1428.0459375839214,1649.3680101912867,2534.764763213158,2130.112124831928,1874.8298602878544,2122.92852687455,820.3012742861923,1407.9692624665902,1586.7404735315622,1530.8609637730192,1628.6580802709834,2091.248084433688,1605.341408687086,1723.8701188739412,881.2260536398467,1099.2008512729933,2288.7977067056377,1280.04286655181,648.2048327271418,0.0
2018-11,1599.076356807639,1056.1179727342287,940.2037882346418,1575.452164691114,1860.6059178120531,2474.3067057374615,2051.567958323852,1976.3887424897227,1943.8685499315513,771.743977575741,1403.3484802142727,1585.9742786731688,1562.6046712122493,1600.1198119268042,2092.4021236247813,1884.5969563530994,1635.8784393049498,976.6279526239696,1242.551444330994,2116.3450586038866,1220.7058508282564,669.2428919928326,230.02606962122374
2018-12,1762.3095441540124,1237.8254015487082,1007.2802982269168,1583.6122027744057,2094.587027897631,2854.290007967806,2378.915267999335,1990.2421021877285,2095.1149889589055,1002.0715551968342,1364.0376139437042,1519.0199404061316,1690.9078717592147,1638.8334503459103,2401.2425400348434,1909.382008870861,1917.8700361010829,718.1156644963615,1226.5132174359392,2147.4973913628864,1388.5683227732652,552.8709800176632,0.0
2019-01,1789.9816979066027,1097.771458892737,989.1604809764715,2205.300726301224,1978.6873317688176,2816.2314735234427,2288.7164619933537,1903.1503071192326,2020.278138114539,1356.6665390233095,1641.1207225942235,1606.9076893956176,1551.0232668081019,1711.5479144581382,2437.583905640036,1856.5007247669084,1845.7051508902096,889.8584837959642,1186.5281753142676,2405.883539989686,1154.2227798897159,716.9281064494852,229.37533450569615
2019-02,1414.5822103294258,785.0722721677248,705.4454005897974,1626.0630179172465,1514.6091029716902,2290.4800132522905,1783.2445677020014,1776.1286550221796,1644.4271493667072,1081.8719851712387,1197.5569524877699,1486.5994541077887,1493.9562678256145,1424.3213237298648,2363.0017282560148,1880.894958194707,1669.4439866444482,813.1403480240689,1019.1502935801642,1734.609264695995,1068.7301474996555,444.68033221924173,0.0
2019-03,1557.7896860562244,982.524369930303,868.4306860527329,1888.1405742424772,1727.7854754205423,2482.271009835634,1891.9896396709878,1930.6462607471908,1663.022830722913,1159.4107637139123,1234.8300424120243,1322.1354906714878,1408.8603284515252,1378.055893314353,2349.2085086534444,1722.7475991496224,1755.655500697682,851.071968175646,1130.194025653782,2082.5542415807704,1143.380682453017,667.2071283548681,306.44296330345514
2019-04,1565.5819042115343,969.2102623792424,868.7428066630168,1973.4131664584315,1693.8388126182804,2437.4986060056995,1801.5100808479935,1794.4635521581943,1659.782240867169,1267.8415819155368,1458.0584775517787,1464.0314101284355,1558.7119716682896,1535.393187286311,2269.332169697913,2095.186572467323,1768.754448616003,1003.0281898684599,1168.1358498729112,2075.213621639531,1057.8305534241676,645.3278265358803,689.3382352941177
2019-05,1562.111194338926,1031.6496627654656,909.1199741218643,2038.8574336106008,1731.2411796216113,2322.2905901550175,1611.5968620561075,1765.9024685249326,1752.1369813540443,1210.15580298956,1602.9976998080951,1408.547339702066,1490.6617865413282,1441.4842535665844,2128.2547095236355,1651.8610968357682,1672.3737311972604,1164.6666857595633,1239.1339049221754,2093.580357921719,1284.8492071176922,745.8405048766494,763.6502481863307
2019-06,1566.2308273004262,1064.0269010772117,833.4424522096949,1933.7764345046207,1540.8051827989207,2463.458521510503,1583.021927558176,1721.9917924988895,1834.8001014767729,1143.243885931698,1870.208766760491,1492.0762473171903,1498.5702118193872,1539.3759286775633,2358.1404517213937,1694.8296213961905,1865.523294575303,1127.288012533914,1282.901414168753,2123.574131737598,1214.446700318513,638.9959865308261,229.0950744558992
2019-07,1607.2837760385694,1040.7169594197735,940.464384432903,2126.9531887094536,1527.489836892259,2411.526010258285,1530.146297705754,2331.5355581168233,1886.8631168196548,1299.2692982664819,1993.2918665844238,1567.4107828166532,1524.3545288411976,1518.4764487474552,2165.134754674889,2270.8467408292727,2135.777952529428,1566.2604576536655,1345.570716915746,2138.6239508004755,1211.642203921247,559.6814121192552,306.2318174858368
2019-08,1479.117771393613,950.9663878013005,881.0808730360575,2073.8034787763218,1368.5529437580933,2040.6753359940058,1446.7590506261117,2114.0439835540137,1769.294026763687,1282.8865496391081,1729.7248065150088,1415.9842605572635,1460.641070531237,1327.1018396924455,1955.414121379438,1798.4618781277597,1808.5562151906481,1060.0605476024487,1454.082668796794,2092.5407732797953,1227.3005356849756,689.0661001012066,764.9353629618298
2019-09,1496.2416158527863,966.877469213176,910.4082708891477,2027.0345590218865,1331.9077961405962,2108.430853353771,1519.544756795311,1866.4230925838297,1883.8617032242469,1314.794366527313,1817.5677267835963,1396.8287338384287,1589.2890130867102,1462.960500066498,2139.8394205973264,1643.903741838041,1668.8305325559747,874.92391965916,1330.1474811178657,2067.1857699039183,1250.63931935355,757.213169794338,229.70903522205205
2019-10,1653.693851391572,1034.2353832051333,996.8997099241027,2252.5020500574815,1542.9745606467911,2175.734263801268,1823.933775842217,2095.591553357239,2187.8729328862873,1357.5108271106453,1899.5411406202497,1700.6321255677199,1608.8960069459722,1588.9251914158317,2396.946546262288,1755.1618342132176,1896.068491262463,1083.7326032397903,1368.3597295796021,2340.4364501223763,1266.0024199692275,814.0240636938126,611.2002444800978
2019-11,1778.6515707424826,1105.446389958165,1085.7020375436673,2328.103741477676,2023.648437366748,2080.1039360903615,1993.8263146127383,1963.780144685685,2236.548756762897,1623.7663682430884,2074.970792487993,1739.6510988121825,1814.8900208925093,1706.5422751645451,2421.198175802907,1709.9453370574192,1841.4739144955556,1216.3138089627125,1298.4372670470716,2470.611320216201,1228.8361912801186,963.2605298646441,152.75337966852516
2019-12,1830.7324696594148,1161.819654932844,1111.8920273825622,2372.5710159503824,1984.540687346573,2168.104094516153,2194.2176505247735,2166.551440184245,2218.348633614277,1446.4881870131394,2082.0206127897345,1780.9727349264945,1751.0487211326483,1796.8130420005048,2581.8375358893727,1711.4045972663657,2047.5284063914762,826.9411731158574,1409.622844564684,2310.5906154816257,1438.2307893458851,834.6114063558869,534.8002139200855
2020-01,1775.568949086108,1068.504680428556,1043.5597267674584,2260.3749343611644,1924.5630932796912,2156.135252545452,2053.290400570034,2250.303306536669,2006.0393835859193,1503.3927173456684,2015.7978826656313,1967.675066398912,1647.6666133108554,1917.5760565565586,2684.2013309826716,2118.790765949786,2395.2426371590764,951.049483104606,1252.2632897119252,2384.700509671285,1169.4245907947977,777.1669768204601,76.4525993883792
2020-02,1510.6625369376757,1082.6734950092605,920.3951067870519,2096.025674317027,1597.981855448692,1790.761776014326,1610.487053385411,1801.3693049313035,1979.3496119200047,1353.7359811284068,1523.871230522087,1504.8314609017243,1377.0339541008275,1379.4201658090906,2127.6517694359154,1630.8390274101075,1635.6868196785706,627.8479086005651,1125.057608371513,2047.852981963312,1139.769355525826,449.73979340524414,153.1510835439161
2020-03,1606.6794332530685,1201.9027641775317,1006.3423856082414,2214.372751859394,1593.0175629565015,1944.5323995604313,1647.0895289951202,2068.505191088906,1937.1205366619963,1318.0067625862303,1684.4805136052682,1507.8951688579114,1508.7125946621572,1470.0990225235903,2263.8470960960262,1631.9322447620984,2232.0743246977336,941.8076999914381,1342.2200047723377,2173.8888579852032,1121.6127295567387,714.53580181635,153.44483658124904
2020-04,1538.959101251615,1087.329505317255,973.7435117022154,2071.592058173036,1508.4809004448757,1880.9428132709193,1633.0130406673973,1925.4706277607042,1906.8624072414823,1193.6505138206364,1674.9034451221191,1537.095093057116,1567.0175903242182,1506.654390223487,2393.9674469408646,1540.4970300327527,1762.9967258632234,685.2574474160084,1247.1194252406128,1941.7562106171583,1073.1700020939902,529.3124660238619,76.65772326561901
2020-05,1642.7574311169217,1104.2102797854266,979.6735817482966,2292.763879441565,1701.0510230094578,2024.221444075958,1735.4086108292095,2011.1461109764964,1919.0232224760518,1247.3844424154802,1798.4917552066888,1507.4754959148024,1604.1962241047408,1653.4497064079653,2395.3255008435713,1559.8602143072046,2009.5067490543947,1123.5741082820743,1358.8799140732222,2098.6825431408206,1309.8655329468606,572.7253853367984,230.13194231359313
2020-06,1730.2962289023285,1239.2447709582614,1026.6208815601894,2312.564683833614,1574.771283640945,2029.9367748181337,1836.3213540723402,2205.375299356013,2209.8843382163604,1347.0921738171592,1986.9411580330934,1763.6326367424142,1849.0356601837552,1789.661859652203,2677.1628448042325,2102.4358618134665,2398.0004365590535,1304.4140610123013,1378.4569964833065,2248.7839456380925,1217.0734812795374,852.5088116457001,76.63422484481569
2020-07,1743.7768528848383,1133.462827012716,1099.6027918689697,2485.350942437821,1525.139236407942,2092.373384243491,1744.71442482533,2485.8956276445697,2118.6776492716713,1200.802496492296,2138.81415950118,1732.296257184054,1786.7243289104663,1812.7479302131974,2555.904273781009,2437.803566793964,2617.9943271662287,2243.9005837944737,1452.3362253374305,2401.619148969259,1225.4856033549074,716.1887300541439,609.6167034976758
2020-08,1654.9778246121396,1174.682076218298,1047.5439681730145,2278.955464012305,1531.1597940797758,2019.8963251313787,1578.3008369219126,2411.5720187106244,2082.6150891091897,1099.8490006639556,1925.4929593006118,1796.1346532078476,1740.3759860534137,1528.001374202543,2196.6020162106774,2169.9416712260168,2455.2486323834373,1709.7751645658595,1276.535645220868,2267.4377287424936,1241.2437937810312,651.381860088903,1375.2005500802202
2020-09,1613.0936121272325,1171.9433486258456,1065.2062501292726,2353.116797711894,1487.514639948679,2137.6449345649353,1461.7416402359743,2009.0329296154832,1962.4068208131075,1032.174023436422,1872.2574661589858,1573.9929190654468,1628.1648929894523,1662.9490162217478,2025.2760344382898,1707.791333887128,2022.7583404145269,1417.8497835415997,1217.325145372534,2301.2891213602684,1231.0371487978623,605.7194165140492,685.3487663722206
2020-10,1747.4402510244322,1178.4353039266289,1161.6619356738329,2536.254269751185,1564.1265256622162,2446.2807097785662,1656.4385919838344,2100.112726639003,2173.588615873518,1282.9314892496966,2095.7795716311743,1922.5057268292287,1686.6641383920469,1797.5793664282558,2046.2690309164827,1907.4758200753706,2211.9395444267134,1189.6668932698844,1171.5458425072711,2420.17955025921,1284.5022178320457,932.9155390969947,380.2570537683474
2020-11,1887.422148186362,1336.7756712782284,1282.735766027768,2636.8837309831633,1905.1538491558074,2650.132399974832,1720.428863880825,2234.9893876614465,2269.9165884592107,1613.3042349236166,2224.3456565291526,1872.807847879147,1811.6236252257147,1750.416599150598,2175.4208191092703,1527.73843632024,2175.6481490041633,915.8979104308497,1283.515527274705,2514.2284489161543,1244.0054721207475,1138.8710940280448,303.0532616107281
2020-12,2002.9509487532828,1379.5741653216585,1281.8847702405992,2688.6376849154644,1833.1763440486645,3064.6689960142235,2154.065971253089,2118.798376470744,2342.4291533441374,1474.4097753368105,2289.4676592956334,1909.0034879551456,1950.1442663542496,1950.0241250417935,2361.3869549059996,1681.6794495983945,2305.994352163565,943.8236182422229,1314.0103978214088,2722.5682968108954,1462.3785267194226,761.0404204926136,150.61375103546953
2021-01,2018.7583712396383,1505.295334180031,1282.7052299495501,2695.644663178825,1911.0630735892216,2843.4880760825185,2093.4843690479765,2240.909963990895,2796.9358053318665,1623.2358838427158,2223.35646235069,1896.4149600631322,1886.9626555893876,1791.9638239786407,2586.2769680951947,1887.3801211456303,2092.1147639119463,840.3123318195122,1418.1540044477229,2769.8132424084756,1177.3467944570664,740.023908464735,300.6840562279185
2021-02,1647.3525365014887,1106.590829168831,1038.2285630099066,1996.5215062195257,1496.740699154765,2453.761072223115,1539.9609924804301,2122.579519426793,2093.50401109067,1494.7021114051306,2086.335883475097,1853.0574427399129,1638.366487931292,1831.4981574687213,2460.3247973868297,1651.293358079476,2207.2738161757666,840.3520036257884,1219.8143595021634,2109.541191392718,1110.0616742740383,668.9867697190967,376.05294825511436
2021-03,1740.4852572873415,1328.791001257548,1161.7297982726761,2332.772123351106,1699.2034230761324,2513.9412626651942,1560.4053215289582,2015.4829755777387,2084.73977480613,1266.9449266797178,2029.0669378420193,1650.6335940707934,1710.9235431967459,1803.1006102029792,2235.797687454732,1816.1074763091108,1869.2108531634462,774.5567551739447,1162.9237045792504,2255.0833429231543,1148.5163428227143,747.8312892611427,149.97000599880022
2021-04,1738.524251477703,1267.7115894064398,1142.1902932422474,2403.377233791184,1676.3683813314456,2471.109819027545,1524.2598988126208,1998.4304362723965,2078.885856937714,1348.7895999083562,2020.3172159379349,1792.9133922657354,1753.5745943654372,1746.2387544434644,2332.7755583410003,1733.4656731858024,2052.9246446801735,1274.7273499834757,1234.036525301835,2270.9733343062917,1081.3213973535883,726.8840192410476,298.4406476162053
2021-05,1590.0203710189382,1066.3138946934923,842.4269352904256,1926.956206221303,1758.4395524436245,2465.3232054227487,1699.8405651779558,1635.9592690357126,1771.7744976190145,1251.5783382663144,1760.225714670661,1573.597932427372,1523.3953173764967,1645.3058498869607,2082.4836552840707,1655.5673699330312,1967.5052281192384,1465.7349005664357,1003.7011479831881,1949.3866725605037,1312.048983162038,556.2369854807885,595.3709905484855
2021-06,1187.4396727213602,822.142371796242,603.4808119560015,1594.6520397065278,1383.3676722471835,1587.4968576334102,1420.6415554882572,1300.4505132135062,1262.9896919805387,812.0802017066633,1267.7677772914963,1032.074161900491,1107.2093278675386,996.4650653439516,1367.7437545679056,1092.0596992635597,1163.7227987533308,416.30003879159455,805.5795257184677,1407.3646930420507,1226.2022441387533,578.6747633505983,521.4541120381407
2021-07,1378.7442375329204,968.0713025669182,742.5651783366071,1763.728190475604,1560.0828780726767,1921.616662358949,1516.2451991314797,1590.8980276404702,1660.3154948245945,1051.2444661602926,1578.878884914804,1228.1057852188549,1232.7178160398867,1240.8347433728143,1523.5714197309305,1508.415369958717,1437.2622631924569,643.7321317000209,1115.0861868698603,1638.6672467519275,1254.1505962881677,472.2246071949858,223.06491188935982
2021-08,1527.385679851007,1110.9734625107403,927.2463992845167,1992.9818880621706,1465.8609813071675,2188.4240027329865,1680.7516170152496,1729.2725320225404,1834.948715535899,1253.9846891618308,1702.6061627354782,1309.5641286164393,1366.4269348174207,1277.0799456080958,1741.912064413579,1533.025481874778,1857.3297861125066,672.0620947512897,1200.7954243950205,2009.8016480373515,1257.277484538885,535.698980029142,74.51564828614009
2021-09,1645.6013644859781,1191.9956830292074,1035.477380615549,2221.4771833306054,1575.7744036432416,2309.127242074667,1539.6262953341982,2086.7392373433286,2081.7667864204755,1509.1932861293271,1859.3123008731375,1693.8874099351428,1642.1363553803415,1590.323076052604,2042.65135401616,1632.2292791065297,1911.5000310308446,716.7377117205477,1284.5197566807353,2077.8039312668643,1252.8207334284268,688.6465610268643,595.7256683297342
2021-10,1824.9005216094265,1379.1234533430604,1247.2919856959327,2438.54896216465,1724.041787590522,2702.1679012054383,1578.5876587180776,1921.6490275392032,2176.3864677821734,1645.8232827401937,2013.4714044897787,1874.5511674276672,1735.743807193876,1901.7060731185754,2363.1126065355456,1871.625225764793,2316.978858344385,1008.0360255117903,1137.7156862207553,2384.9272597185786,1285.783234291575,1019.9745006374841,739.8638650488309
2021-11,1898.3716329625058,1404.4320625308792,1206.7185983578358,2473.099541816505,1863.6153355822262,2867.2854164486553,1753.224225219417,2246.398665909736,2187.327756632837,1695.2362561459277,2176.644146546906,1610.7802809184332,1771.378812639414,1822.3972623543348,2560.9275972860623,1760.8437063886781,2374.90557885215,1091.1485278901325,1265.2669136818993,2209.139208907249,1260.5961789593666,884.4735966941914,220.96192089563232
2021-12,2097.469150574833,1496.4647952789753,1258.1242302605024,2819.4971728016876,2222.5065665774537,3129.8686024449275,1940.4734449160214,2134.4953981876756,2654.713506376177,1780.0801965149078,2389.013247512606,1944.7429041631522,2047.3578339789772,2053.450526640125,2668.937397444185,1940.1460264497202,2386.7462456201497,987.3989091593004,1324.259499913456,2567.1615411806292,1480.770756288554,883.1488141077724,293.14767314034447
2022-01,1963.4542095805568,1456.6118489079906,1216.1826262465572,2390.346697117541,1867.1496863074742,3013.9020059891022,2045.563290289829,2106.9879175677056,2242.277083615572,1686.4472487853675,2339.935645790348,1831.0481357163796,1888.3879083414754,1985.0774139596813,2427.2599581729987,2114.4325256919965,2323.5315187361984,846.6922555881689,1380.6608469886742,2149.8676494633064,1304.1308818192815,713.7556976785273,365.89828027808267
2022-02,1495.6404383987222,1114.4436345815086,898.7473833115668,1852.8658848447817,1437.2207800988156,2361.391332418691,1368.5161661678844,1608.6029150373267,1609.5901709082639,1216.9071950103084,1846.772179023573,1390.5533286499442,1308.4659993240837,1487.1912605164941,2109.5286187319666,1885.8011371099394,1823.2591770711913,706.0484819957637,1008.0117656455269,1743.1507228102776,1206.7608873286324,460.401895439188,512.3700775874688
2022-03,1854.313321965701,1501.2982846601903,1231.9083537279482,2401.9448474643714,1772.7432266064707,2878.548534613455,1504.5124391331374,1991.3891886479694,1964.4079159907321,1688.4556966743387,2189.2948439627676,1576.088194664496,1753.8683205849622,1800.5847322622058,2366.8373416600784,1849.4874009538473,2122.313946411573,838.2466517226441,1336.1344305831233,2382.1700329208816,1197.781829346413,774.4777604092652,145.86828094230907
2022-04,1717.8968008420413,1335.3277312784362,1011.2488317775867,2189.5972042431176,1689.7120349409458,2674.8663511529994,1575.8851423303804,1857.6141018302178,1914.2512706667917,1524.8796147672551,1998.7791024640658,1637.1230622708495,1800.0315005512596,1821.4268250941275,2262.355919872919,1652.9003235364553,1791.5095578441856,1261.5801762446338,1100.6271915755008,1931.213290299094,1117.0127886566213,640.5238061347947,436.3001745200698
2022-05,1545.9443361746924,1090.6552766647344,894.5199119727646,1994.904464228499,1575.3870951147996,2236.585483096523,1669.1543073872285,1599.3477868635186,1701.3091400229503,1298.0609397587662,1848.2258714753666,1330.7866381547533,1434.5200135048954,1470.1594337949077,1885.9187644548622,1639.0824895267797,1603.25159464038,1073.0623693970144,860.7328683715266,1907.4180576311155,1315.6743972043819,691.2623019747297,362.7920475983166
2022-06,1577.0103334394594,1168.8527796819503,991.2954279490938,2108.139192838422,1487.851239167532,2293.522217989967,1203.7410715498847,1993.9579731584295,1951.8610344342985,1447.894481186713,1891.5864479052284,1540.0090613218722,1596.1655988023501,1536.7127408383963,2072.918241555576,1907.8588748331797,1835.9546337489817,1648.3464730095038,1285.0373463978797,2060.0980322511896,1217.4521769566738,642.182850863736,578.7455689792375
2022-07,1819.443016629881,1286.3918959071705,1193.9173565532662,2437.771966416449,1605.5089270509154,2583.838312886502,1591.3157423104155,2614.868220887318,2214.8048788096203,1709.5741759011698,2174.952122182266,1757.158601759238,1682.313180623357,1635.3146296349228,2299.603318427571,2996.8387578620045,2576.0353499741454,1741.6518390901986,1409.6521011847726,2267.8101873939045,1260.189066432142,1012.6293420048634,719.9942400460797
2022-08,1795.9388225356693,1270.6068134498748,1140.2712358760937,2392.7029170705914,1537.8083198641305,2539.8729253112033,1663.7816765850828,2523.1043313662176,2245.210966739026,1492.7799149171497,2168.666578946524,1831.5132670242278,1776.4391862646082,1638.3764139168022,2337.2491740218948,2485.6219223395856,2564.0704147650335,1757.9153192449423,1240.656994342272,2371.150484876984,1249.01944357707,712.7888576845767,1078.9814415192059
2022-09,1761.7366018205,1203.5027987911194,1144.6882725731552,2368.516516220376,1705.7281868819052,2520.6855616319776,1595.0984237797845,2035.884128345343,2029.4038842168038,1537.7802525098703,2081.8446765633907,1795.7323233901425,1782.054039096912,1819.4121050189199,2226.1068906704973,2106.0450073100446,2236.1051000758957,1235.8856244031233,1127.405084680033,2239.9992902972544,1249.51904945124,1065.015655730139,860.9556607834696
2022-10,1866.5731290670676,1294.7086943103882,1141.2997189336513,2536.5352546737686,1796.5706238967412,2837.4541790589183,1584.72844635294,1946.4958620259592,2248.9027530922413,1737.8337621858586,2221.695859712793,1944.1995961566113,1937.9961601194095,1887.8344105375113,2294.2181447247376,1772.3494678250406,2207.94169026718,1197.48154662226,1143.6831582270418,2655.1241902203665,1283.3646240731784,943.6773616767656,286.20492272467084
2022-11,1958.9307603003979,1360.9430655850676,1197.1461007616842,2587.6175560979855,2226.19413694137,2871.115743878761,1738.5879935417584,2064.8685010658464,2291.235334713596,1664.9257510384764,2226.740479138662,1867.6666465169892,1857.2673486680803,2032.5744100314607,2308.2893122699847,1664.816870144284,2204.8123243677237,709.9022016309069,1397.8774407493731,2550.421749429919,1279.0011609980777,1105.3403527169407,214.45421402530562
2022-12,2125.242427993728,1328.7278775818404,1368.5758064015486,2797.7649439132065,2386.959625277895,3284.948653451678,1946.0166406599083,2204.5953565431946,2425.4827279101055,1848.142140630723,2384.281250426625,2091.3479081308187,2115.670720321883,2234.9321326291897,2615.4903637522334,2018.3391280210396,2232.7308305006086,923.3093645952828,1272.3842821816413,2687.4531740015427,1502.335275592947,1068.6860823100606,0.0
